{"cameraMode":{"drawMode":0,"name":"Shaded","section":"Shading Mode"},"sceneLighting":false,"audioPlay":false,"sceneViewState":{"m_AlwaysRefresh":false,"showFog":true,"showSkybox":true,"showFlares":true,"showImageEffects":true,"showParticleSystems":true,"showVisualEffectGraphs":true,"m_FxEnabled":false},"in2DMode":false,"pivot":{"x":-3.626797914505005,"y":1.489880084991455,"z":-21.764801025390626},"rotation":{"x":0.000015105881175259128,"y":-0.9989463090896606,"z":0.0003097002918366343,"w":0.04609188809990883},"size":7.186924934387207,"orthographic":false}